firstname,lastname,username,password,email
Trudie,Xerxes,Edee,Aurelie,Trudie.Xerxes@talal.local
Dorothy,Othilia,Melodie,Minne,Dorothy.Othilia@talal.local
Minne,Henebry,Tobe,Paule,Minne.Henebry@talal.local
Ronna,Cath,Feliza,Sharai,Ronna.Cath@talal.local
Dulce,Guildroy,Deirdre,Consuela,Dulce.Guildroy@talal.local
Jsandye,Cookie,Antonietta,Layla,Jsandye.Cookie@talal.local
Kathi,Ludewig,Angelique,Lynnea,Kathi.Ludewig@talal.local
Millie,Garlinda,Binny,Estell,Millie.Garlinda@talal.local
Suzette,Killigrew,Nananne,Mallory,Suzette.Killigrew@talal.local
Renie,Chesna,Feliza,Joane,Renie.Chesna@talal.local
Clary,Millda,Rosaline,Coral,Clary.Millda@talal.local
Bee,Damarra,Justinn,Edee,Bee.Damarra@talal.local
Kellen,Haymes,Cacilie,Winifred,Kellen.Haymes@talal.local
Randa,O'Rourke,Odessa,Concettina,Randa.O'Rourke@talal.local
Margalo,Artie,Myriam,Berta,Margalo.Artie@talal.local
Nollie,Ricki,Silvana,Nananne,Nollie.Ricki@talal.local
Corly,Thar,Dione,Silvana,Corly.Thar@talal.local
Marcelline,Drisko,Blinni,Glynnis,Marcelline.Drisko@talal.local
Taffy,Olympium,Shannah,Cam,Taffy.Olympium@talal.local
Elbertina,Greenwald,Perry,Linzy,Elbertina.Greenwald@talal.local
Drucie,Thornburg,Chastity,Susette,Drucie.Thornburg@talal.local
Raina,Carvey,Madeleine,Belinda,Raina.Carvey@talal.local
Netty,Kolnick,Reeba,Harrietta,Netty.Kolnick@talal.local
Ketti,Deny,Annecorinne,Ottilie,Ketti.Deny@talal.local
Cordi,Fabiola,Lindie,Lolita,Cordi.Fabiola@talal.local
Dulce,Berne,Aurelie,Daune,Dulce.Berne@talal.local
Melanie,Loleta,Diena,Althea,Melanie.Loleta@talal.local
Nonnah,Reneta,Cindelyn,Brooks,Nonnah.Reneta@talal.local
Annabela,Swigart,Emma,Therine,Annabela.Swigart@talal.local
Merry,Fancie,Bobinette,Hollie,Merry.Fancie@talal.local
Nita,Bigner,Shannah,Corry,Nita.Bigner@talal.local
Cassandra,Florina,Leanna,Althea,Cassandra.Florina@talal.local
Lesly,Daniele,Sophia,Gui,Lesly.Daniele@talal.local
Anallese,Hutchison,Emylee,Deirdre,Anallese.Hutchison@talal.local
Gwyneth,Ogren,Dulce,Mireielle,Gwyneth.Ogren@talal.local
Zondra,Iaverne,Miquela,Lynea,Zondra.Iaverne@talal.local
Nyssa,Emerson,Anica,Zondra,Nyssa.Emerson@talal.local
Paule,Docilla,Neila,Eolanda,Paule.Docilla@talal.local
Gaylene,Jenness,Roslyn,Laure,Gaylene.Jenness@talal.local
Betta,Artie,Dione,Maye,Betta.Artie@talal.local
Clo,Corrine,Violet,Zondra,Clo.Corrine@talal.local
Ezmeralda,Stanwood,Lily,Evaleen,Ezmeralda.Stanwood@talal.local
Molli,Pozzy,Gabriellia,Modestia,Molli.Pozzy@talal.local
Dagmar,Margret,Agnese,Ottilie,Dagmar.Margret@talal.local
Tami,Standing,Rosene,Belva,Tami.Standing@talal.local
Angela,Remmer,Florie,Joelly,Angela.Remmer@talal.local
Netty,Ledah,Candy,Modestia,Netty.Ledah@talal.local
Gerrie,Thad,Calla,Beverley,Gerrie.Thad@talal.local
Tracey,Nedrud,Leona,Marleah,Tracey.Nedrud@talal.local
Norine,Kannry,Mara,Zsa Zsa,Norine.Kannry@talal.local